zip,county_fips,county_name
90001,06037,Los Angeles County
90002,06037,Los Angeles County
90003,06037,Los Angeles County
90004,06037,Los Angeles County
90005,06037,Los Angeles County
90006,06037,Los Angeles County
90007,06037,Los Angeles County
90008,06037,Los Angeles County
90010,06037,Los Angeles County
90011,06037,Los Angeles County
90012,06037,Los Angeles County
90013,06037,Los Angeles County
90014,06037,Los Angeles County
90015,06037,Los Angeles County
90016,06037,Los Angeles County
90017,06037,Los Angeles County
90018,06037,Los Angeles County
90019,06037,Los Angeles County
90020,06037,Los Angeles County
90021,06037,Los Angeles County
90022,06037,Los Angeles County
90023,06037,Los Angeles County
90024,06037,Los Angeles County
90025,06037,Los Angeles County
90026,06037,Los Angeles County
90027,06037,Los Angeles County
90028,06037,Los Angeles County
90029,06037,Los Angeles County
90031,06037,Los Angeles County
90032,06037,Los Angeles County
90033,06037,Los Angeles County
90034,06037,Los Angeles County
90035,06037,Los Angeles County
90036,06037,Los Angeles County
90037,06037,Los Angeles County
90038,06037,Los Angeles County
90039,06037,Los Angeles County
90040,06037,Los Angeles County
90041,06037,Los Angeles County
90042,06037,Los Angeles County
90043,06037,Los Angeles County
90044,06037,Los Angeles County
90045,06037,Los Angeles County
90046,06037,Los Angeles County
90047,06037,Los Angeles County
90048,06037,Los Angeles County
90049,06037,Los Angeles County
90052,06037,Los Angeles County
90056,06037,Los Angeles County
90057,06037,Los Angeles County
90058,06037,Los Angeles County
90059,06037,Los Angeles County
90061,06037,Los Angeles County
90062,06037,Los Angeles County
90063,06037,Los Angeles County
90064,06037,Los Angeles County
90065,06037,Los Angeles County
90066,06037,Los Angeles County
90067,06037,Los Angeles County
90068,06037,Los Angeles County
90069,06037,Los Angeles County
90071,06037,Los Angeles County
90073,06037,Los Angeles County
90077,06037,Los Angeles County
90079,06037,Los Angeles County
90089,06037,Los Angeles County
90094,06037,Los Angeles County
90095,06037,Los Angeles County
90201,06037,Los Angeles County
90210,06037,Los Angeles County
90211,06037,Los Angeles County
90212,06037,Los Angeles County
90220,06037,Los Angeles County
90221,06037,Los Angeles County
90222,06037,Los Angeles County
90230,06037,Los Angeles County
90232,06037,Los Angeles County
90240,06037,Los Angeles County
90241,06037,Los Angeles County
90242,06037,Los Angeles County
90245,06037,Los Angeles County
90247,06037,Los Angeles County
90248,06037,Los Angeles County
90249,06037,Los Angeles County
90250,06037,Los Angeles County
90254,06037,Los Angeles County
90255,06037,Los Angeles County
90260,06037,Los Angeles County
90262,06037,Los Angeles County
90263,06037,Los Angeles County
90265,06037,Los Angeles County
90266,06037,Los Angeles County
90270,06037,Los Angeles County
90272,06037,Los Angeles County
90274,06037,Los Angeles County
90275,06037,Los Angeles County
90277,06037,Los Angeles County
90278,06037,Los Angeles County
90280,06037,Los Angeles County
90290,06037,Los Angeles County
90291,06037,Los Angeles County
90292,06037,Los Angeles County
90293,06037,Los Angeles County
90301,06037,Los Angeles County
90302,06037,Los Angeles County
90303,06037,Los Angeles County
90304,06037,Los Angeles County
90305,06037,Los Angeles County
90401,06037,Los Angeles County
90402,06037,Los Angeles County
90403,06037,Los Angeles County
90404,06037,Los Angeles County
90405,06037,Los Angeles County
90501,06037,Los Angeles County
90502,06037,Los Angeles County
90503,06037,Los Angeles County
90504,06037,Los Angeles County
90505,06037,Los Angeles County
90506,06037,Los Angeles County
90601,06037,Los Angeles County
90602,06037,Los Angeles County
90603,06037,Los Angeles County
90604,06037,Los Angeles County
90605,06037,Los Angeles County
90606,06037,Los Angeles County
90620,06059,Orange County
90621,06059,Orange County
90623,06059,Orange County
90630,06059,Orange County
90631,06059,Orange County
90638,06037,Los Angeles County
90639,06037,Los Angeles County
90640,06037,Los Angeles County
90650,06037,Los Angeles County
90660,06037,Los Angeles County
90670,06037,Los Angeles County
90680,06059,Orange County
90701,06037,Los Angeles County
90703,06037,Los Angeles County
90704,06037,Los Angeles County
90706,06037,Los Angeles County
90710,06037,Los Angeles County
90712,06037,Los Angeles County
90713,06037,Los Angeles County
90715,06037,Los Angeles County
90716,06037,Los Angeles County
90717,06037,Los Angeles County
90720,06059,Orange County
90723,06037,Los Angeles County
90731,06037,Los Angeles County
90732,06037,Los Angeles County
90740,06059,Orange County
90742,06059,Orange County
90743,06059,Orange County
90744,06037,Los Angeles County
90745,06037,Los Angeles County
90746,06037,Los Angeles County
90747,06037,Los Angeles County
90755,06037,Los Angeles County
90802,06037,Los Angeles County
90803,06037,Los Angeles County
90804,06037,Los Angeles County
90805,06037,Los Angeles County
90806,06037,Los Angeles County
90807,06037,Los Angeles County
90808,06037,Los Angeles County
90810,06037,Los Angeles County
90813,06037,Los Angeles County
90814,06037,Los Angeles County
90815,06037,Los Angeles County
90822,06037,Los Angeles County
90831,06037,Los Angeles County
90840,06037,Los Angeles County
91001,06037,Los Angeles County
91006,06037,Los Angeles County
91007,06037,Los Angeles County
91008,06037,Los Angeles County
91010,06037,Los Angeles County
91011,06037,Los Angeles County
91016,06037,Los Angeles County
91020,06037,Los Angeles County
91024,06037,Los Angeles County
91030,06037,Los Angeles County
91040,06037,Los Angeles County
91042,06037,Los Angeles County
91046,06037,Los Angeles County
91101,06037,Los Angeles County
91103,06037,Los Angeles County
91104,06037,Los Angeles County
91105,06037,Los Angeles County
91106,06037,Los Angeles County
91107,06037,Los Angeles County
91108,06037,Los Angeles County
91125,06037,Los Angeles County
91201,06037,Los Angeles County
91202,06037,Los Angeles County
91203,06037,Los Angeles County
91204,06037,Los Angeles County
91205,06037,Los Angeles County
91206,06037,Los Angeles County
91207,06037,Los Angeles County
91208,06037,Los Angeles County
91210,06037,Los Angeles County
91214,06037,Los Angeles County
91301,06037,Los Angeles County
91302,06037,Los Angeles County
91303,06037,Los Angeles County
91304,06037,Los Angeles County
91306,06037,Los Angeles County
91307,06037,Los Angeles County
91311,06037,Los Angeles County
91316,06037,Los Angeles County
91320,06111,Ventura County
91321,06037,Los Angeles County
91324,06037,Los Angeles County
91325,06037,Los Angeles County
91326,06037,Los Angeles County
91330,06037,Los Angeles County
91331,06037,Los Angeles County
91335,06037,Los Angeles County
91340,06037,Los Angeles County
91342,06037,Los Angeles County
91343,06037,Los Angeles County
91344,06037,Los Angeles County
91345,06037,Los Angeles County
91350,06037,Los Angeles County
91351,06037,Los Angeles County
91352,06037,Los Angeles County
91354,06037,Los Angeles County
91355,06037,Los Angeles County
91356,06037,Los Angeles County
91360,06111,Ventura County
91361,06111,Ventura County
91362,06111,Ventura County
91364,06037,Los Angeles County
91367,06037,Los Angeles County
91371,06037,Los Angeles County
91377,06111,Ventura County
91381,06037,Los Angeles County
91384,06037,Los Angeles County
91387,06037,Los Angeles County
91390,06037,Los Angeles County
91401,06037,Los Angeles County
91402,06037,Los Angeles County
91403,06037,Los Angeles County
91405,06037,Los Angeles County
91406,06037,Los Angeles County
91411,06037,Los Angeles County
91423,06037,Los Angeles County
91436,06037,Los Angeles County
91501,06037,Los Angeles County
91502,06037,Los Angeles County
91504,06037,Los Angeles County
91505,06037,Los Angeles County
91506,06037,Los Angeles County
91601,06037,Los Angeles County
91602,06037,Los Angeles County
91604,06037,Los Angeles County
91605,06037,Los Angeles County
91606,06037,Los Angeles County
91607,06037,Los Angeles County
91608,06037,Los Angeles County
91701,06071,San Bernardino County
91702,06037,Los Angeles County
91706,06037,Los Angeles County
91708,06071,San Bernardino County
91709,06071,San Bernardino County
91710,06071,San Bernardino County
91711,06037,Los Angeles County
91722,06037,Los Angeles County
91723,06037,Los Angeles County
91724,06037,Los Angeles County
91730,06071,San Bernardino County
91731,06037,Los Angeles County
91732,06037,Los Angeles County
91733,06037,Los Angeles County
91737,06071,San Bernardino County
91739,06071,San Bernardino County
91740,06037,Los Angeles County
91741,06037,Los Angeles County
91744,06037,Los Angeles County
91745,06037,Los Angeles County
91746,06037,Los Angeles County
91748,06037,Los Angeles County
91750,06037,Los Angeles County
91752,06065,Riverside County
91754,06037,Los Angeles County
91755,06037,Los Angeles County
91759,06037,Los Angeles County
91761,06071,San Bernardino County
91762,06071,San Bernardino County
91763,06071,San Bernardino County
91764,06071,San Bernardino County
91765,06037,Los Angeles County
91766,06037,Los Angeles County
91767,06037,Los Angeles County
91768,06037,Los Angeles County
91770,06037,Los Angeles County
91773,06037,Los Angeles County
91775,06037,Los Angeles County
91776,06037,Los Angeles County
91780,06037,Los Angeles County
91784,06071,San Bernardino County
91786,06071,San Bernardino County
91789,06037,Los Angeles County
91790,06037,Los Angeles County
91791,06037,Los Angeles County
91792,06037,Los Angeles County
91801,06037,Los Angeles County
91803,06037,Los Angeles County
91901,06073,San Diego County
91902,06073,San Diego County
91905,06073,San Diego County
91906,06073,San Diego County
91910,06073,San Diego County
91911,06073,San Diego County
91913,06073,San Diego County
91914,06073,San Diego County
91915,06073,San Diego County
91916,06073,San Diego County
91917,06073,San Diego County
91931,06073,San Diego County
91932,06073,San Diego County
91934,06073,San Diego County
91935,06073,San Diego County
91941,06073,San Diego County
91942,06073,San Diego County
91945,06073,San Diego County
91948,06073,San Diego County
91950,06073,San Diego County
91962,06073,San Diego County
91963,06073,San Diego County
91977,06073,San Diego County
91978,06073,San Diego County
91980,06073,San Diego County
92003,06073,San Diego County
92004,06073,San Diego County
92007,06073,San Diego County
92008,06073,San Diego County
92009,06073,San Diego County
92010,06073,San Diego County
92011,06073,San Diego County
92014,06073,San Diego County
92019,06073,San Diego County
92020,06073,San Diego County
92021,06073,San Diego County
92024,06073,San Diego County
92025,06073,San Diego County
92026,06073,San Diego County
92027,06073,San Diego County
92028,06073,San Diego County
92029,06073,San Diego County
92036,06073,San Diego County
92037,06073,San Diego County
92040,06073,San Diego County
92054,06073,San Diego County
92055,06073,San Diego County
92056,06073,San Diego County
92057,06073,San Diego County
92058,06073,San Diego County
92059,06073,San Diego County
92060,06073,San Diego County
92061,06073,San Diego County
92064,06073,San Diego County
92065,06073,San Diego County
92066,06073,San Diego County
92067,06073,San Diego County
92069,06073,San Diego County
92070,06073,San Diego County
92071,06073,San Diego County
92075,06073,San Diego County
92078,06073,San Diego County
92081,06073,San Diego County
92082,06073,San Diego County
92083,06073,San Diego County
92084,06073,San Diego County
92086,06073,San Diego County
92091,06073,San Diego County
92092,06073,San Diego County
92093,06073,San Diego County
92096,06073,San Diego County
92101,06073,San Diego County
92102,06073,San Diego County
92103,06073,San Diego County
92104,06073,San Diego County
92105,06073,San Diego County
92106,06073,San Diego County
92107,06073,San Diego County
92108,06073,San Diego County
92109,06073,San Diego County
92110,06073,San Diego County
92111,06073,San Diego County
92113,06073,San Diego County
92114,06073,San Diego County
92115,06073,San Diego County
92116,06073,San Diego County
92117,06073,San Diego County
92118,06073,San Diego County
92119,06073,San Diego County
92120,06073,San Diego County
92121,06073,San Diego County
92122,06073,San Diego County
92123,06073,San Diego County
92124,06073,San Diego County
92126,06073,San Diego County
92127,06073,San Diego County
92128,06073,San Diego County
92129,06073,San Diego County
92130,06073,San Diego County
92131,06073,San Diego County
92132,06073,San Diego County
92134,06073,San Diego County
92135,06073,San Diego County
92136,06073,San Diego County
92139,06073,San Diego County
92140,06073,San Diego County
92145,06073,San Diego County
92147,06073,San Diego County
92154,06073,San Diego County
92155,06073,San Diego County
92161,06073,San Diego County
92173,06073,San Diego County
92179,06073,San Diego County
92182,06073,San Diego County
92201,06065,Riverside County
92203,06065,Riverside County
92210,06065,Riverside County
92211,06065,Riverside County
92220,06065,Riverside County
92222,06025,Imperial County
92223,06065,Riverside County
92225,06065,Riverside County
92227,06025,Imperial County
92230,06065,Riverside County
92231,06025,Imperial County
92233,06025,Imperial County
92234,06065,Riverside County
92236,06065,Riverside County
92239,06065,Riverside County
92240,06065,Riverside County
92241,06065,Riverside County
92242,06071,San Bernardino County
92243,06025,Imperial County
92249,06025,Imperial County
92250,06025,Imperial County
92251,06025,Imperial County
92252,06071,San Bernardino County
92253,06065,Riverside County
92254,06065,Riverside County
92256,06071,San Bernardino County
92257,06025,Imperial County
92258,06065,Riverside County
92259,06025,Imperial County
92260,06065,Riverside County
92262,06065,Riverside County
92264,06065,Riverside County
92266,06025,Imperial County
92267,06071,San Bernardino County
92268,06071,San Bernardino County
92270,06065,Riverside County
92273,06025,Imperial County
92274,06065,Riverside County
92275,06025,Imperial County
92276,06065,Riverside County
92277,06071,San Bernardino County
92278,06071,San Bernardino County
92280,06071,San Bernardino County
92281,06025,Imperial County
92282,06065,Riverside County
92283,06025,Imperial County
92284,06071,San Bernardino County
92285,06071,San Bernardino County
92301,06071,San Bernardino County
92304,06071,San Bernardino County
92305,06071,San Bernardino County
92307,06071,San Bernardino County
92308,06071,San Bernardino County
92309,06071,San Bernardino County
92310,06071,San Bernardino County
92311,06071,San Bernardino County
92313,06071,San Bernardino County
92314,06071,San Bernardino County
92315,06071,San Bernardino County
92316,06071,San Bernardino County
92317,06071,San Bernardino County
92320,06065,Riverside County
92321,06071,San Bernardino County
92322,06071,San Bernardino County
92324,06071,San Bernardino County
92325,06071,San Bernardino County
92327,06071,San Bernardino County
92328,06027,Inyo County
92332,06071,San Bernardino County
92333,06071,San Bernardino County
92335,06071,San Bernardino County
92336,06071,San Bernardino County
92337,06071,San Bernardino County
92338,06071,San Bernardino County
92339,06071,San Bernardino County
92341,06071,San Bernardino County
92342,06071,San Bernardino County
92344,06071,San Bernardino County
92345,06071,San Bernardino County
92346,06071,San Bernardino County
92347,06071,San Bernardino County
92350,06071,San Bernardino County
92352,06071,San Bernardino County
92354,06071,San Bernardino County
92356,06071,San Bernardino County
92358,06071,San Bernardino County
92359,06071,San Bernardino County
92363,06071,San Bernardino County
92364,06071,San Bernardino County
92365,06071,San Bernardino County
92368,06071,San Bernardino County
92369,06071,San Bernardino County
92371,06071,San Bernardino County
92372,06071,San Bernardino County
92373,06071,San Bernardino County
92374,06071,San Bernardino County
92376,06071,San Bernardino County
92377,06071,San Bernardino County
92378,06071,San Bernardino County
92382,06071,San Bernardino County
92384,06027,Inyo County
92385,06071,San Bernardino County
92386,06071,San Bernardino County
92389,06027,Inyo County
92391,06071,San Bernardino County
92392,06071,San Bernardino County
92394,06071,San Bernardino County
92395,06071,San Bernardino County
92397,06037,Los Angeles County
92398,06071,San Bernardino County
92399,06071,San Bernardino County
92401,06071,San Bernardino County
92404,06071,San Bernardino County
92405,06071,San Bernardino County
92407,06071,San Bernardino County
92408,06071,San Bernardino County
92410,06071,San Bernardino County
92411,06071,San Bernardino County
92415,06071,San Bernardino County
92501,06065,Riverside County
92503,06065,Riverside County
92504,06065,Riverside County
92505,06065,Riverside County
92506,06065,Riverside County
92507,06065,Riverside County
92508,06065,Riverside County
92509,06065,Riverside County
92518,06065,Riverside County
92521,06065,Riverside County
92530,06065,Riverside County
92532,06065,Riverside County
92536,06065,Riverside County
92539,06065,Riverside County
92543,06065,Riverside County
92544,06065,Riverside County
92545,06065,Riverside County
92548,06065,Riverside County
92549,06065,Riverside County
92551,06065,Riverside County
92553,06065,Riverside County
92555,06065,Riverside County
92557,06065,Riverside County
92561,06065,Riverside County
92562,06065,Riverside County
92563,06065,Riverside County
92567,06065,Riverside County
92570,06065,Riverside County
92571,06065,Riverside County
92582,06065,Riverside County
92583,06065,Riverside County
92584,06065,Riverside County
92585,06065,Riverside County
92586,06065,Riverside County
92587,06065,Riverside County
92590,06065,Riverside County
92591,06065,Riverside County
92592,06065,Riverside County
92595,06065,Riverside County
92596,06065,Riverside County
92602,06059,Orange County
92603,06059,Orange County
92604,06059,Orange County
92606,06059,Orange County
92610,06059,Orange County
92612,06059,Orange County
92614,06059,Orange County
92617,06059,Orange County
92618,06059,Orange County
92620,06059,Orange County
92624,06059,Orange County
92625,06059,Orange County
92626,06059,Orange County
92627,06059,Orange County
92629,06059,Orange County
92630,06059,Orange County
92637,06059,Orange County
92646,06059,Orange County
92647,06059,Orange County
92648,06059,Orange County
92649,06059,Orange County
92651,06059,Orange County
92653,06059,Orange County
92655,06059,Orange County
92656,06059,Orange County
92657,06059,Orange County
92660,06059,Orange County
92661,06059,Orange County
92662,06059,Orange County
92663,06059,Orange County
92672,06073,San Diego County
92673,06059,Orange County
92675,06059,Orange County
92676,06059,Orange County
92677,06059,Orange County
92678,06059,Orange County
92679,06059,Orange County
92683,06059,Orange County
92688,06059,Orange County
92691,06059,Orange County
92692,06059,Orange County
92694,06059,Orange County
92697,06059,Orange County
92701,06059,Orange County
92703,06059,Orange County
92704,06059,Orange County
92705,06059,Orange County
92706,06059,Orange County
92707,06059,Orange County
92708,06059,Orange County
92780,06059,Orange County
92782,06059,Orange County
92801,06059,Orange County
92802,06059,Orange County
92804,06059,Orange County
92805,06059,Orange County
92806,06059,Orange County
92807,06059,Orange County
92808,06059,Orange County
92821,06059,Orange County
92823,06059,Orange County
92831,06059,Orange County
92832,06059,Orange County
92833,06059,Orange County
92835,06059,Orange County
92840,06059,Orange County
92841,06059,Orange County
92843,06059,Orange County
92844,06059,Orange County
92845,06059,Orange County
92860,06065,Riverside County
92861,06059,Orange County
92865,06059,Orange County
92866,06059,Orange County
92867,06059,Orange County
92868,06059,Orange County
92869,06059,Orange County
92870,06059,Orange County
92879,06065,Riverside County
92880,06065,Riverside County
92881,06065,Riverside County
92882,06065,Riverside County
92883,06065,Riverside County
92886,06059,Orange County
92887,06059,Orange County
93001,06111,Ventura County
93003,06111,Ventura County
93004,06111,Ventura County
93010,06111,Ventura County
93012,06111,Ventura County
93013,06083,Santa Barbara County
93015,06111,Ventura County
93021,06111,Ventura County
93022,06111,Ventura County
93023,06111,Ventura County
93030,06111,Ventura County
93033,06111,Ventura County
93035,06111,Ventura County
93036,06111,Ventura County
93040,06111,Ventura County
93041,06111,Ventura County
93042,06111,Ventura County
93043,06111,Ventura County
93060,06111,Ventura County
93063,06111,Ventura County
93064,06111,Ventura County
93065,06111,Ventura County
93066,06111,Ventura County
93067,06083,Santa Barbara County
93101,06083,Santa Barbara County
93103,06083,Santa Barbara County
93105,06083,Santa Barbara County
93106,06083,Santa Barbara County
93108,06083,Santa Barbara County
93109,06083,Santa Barbara County
93110,06083,Santa Barbara County
93111,06083,Santa Barbara County
93117,06083,Santa Barbara County
93201,06107,Tulare County
93202,06031,Kings County
93203,06029,Kern County
93204,06031,Kings County
93205,06029,Kern County
93206,06029,Kern County
93207,06107,Tulare County
93208,06107,Tulare County
93210,06019,Fresno County
93212,06031,Kings County
93215,06029,Kern County
93218,06107,Tulare County
93219,06107,Tulare County
93220,06029,Kern County
93221,06107,Tulare County
93222,06029,Kern County
93223,06107,Tulare County
93224,06029,Kern County
93225,06111,Ventura County
93226,06029,Kern County
93227,06107,Tulare County
93230,06031,Kings County
93234,06019,Fresno County
93235,06107,Tulare County
93237,06107,Tulare County
93238,06107,Tulare County
93239,06031,Kings County
93240,06029,Kern County
93241,06029,Kern County
93242,06019,Fresno County
93243,06029,Kern County
93244,06107,Tulare County
93245,06031,Kings County
93246,06031,Kings County
93247,06107,Tulare County
93249,06029,Kern County
93250,06029,Kern County
93251,06029,Kern County
93252,06111,Ventura County
93254,06083,Santa Barbara County
93255,06029,Kern County
93256,06107,Tulare County
93257,06107,Tulare County
93258,06107,Tulare County
93260,06107,Tulare County
93261,06107,Tulare County
93262,06107,Tulare County
93263,06029,Kern County
93265,06107,Tulare County
93266,06031,Kings County
93267,06107,Tulare County
93268,06029,Kern County
93270,06107,Tulare County
93271,06107,Tulare County
93272,06107,Tulare County
93274,06107,Tulare County
93276,06029,Kern County
93277,06107,Tulare County
93280,06029,Kern County
93283,06029,Kern County
93285,06029,Kern County
93286,06107,Tulare County
93287,06029,Kern County
93291,06107,Tulare County
93292,06107,Tulare County
93301,06029,Kern County
93304,06029,Kern County
93305,06029,Kern County
93306,06029,Kern County
93307,06029,Kern County
93308,06029,Kern County
93309,06029,Kern County
93311,06029,Kern County
93312,06029,Kern County
93313,06029,Kern County
93314,06029,Kern County
93401,06079,San Luis Obispo County
93402,06079,San Luis Obispo County
93405,06079,San Luis Obispo County
93407,06079,San Luis Obispo County
93408,06079,San Luis Obispo County
93409,06079,San Luis Obispo County
93410,06079,San Luis Obispo County
93420,06079,San Luis Obispo County
93422,06079,San Luis Obispo County
93424,06079,San Luis Obispo County
93426,06053,Monterey County
93427,06083,Santa Barbara County
93428,06079,San Luis Obispo County
93429,06083,Santa Barbara County
93430,06079,San Luis Obispo County
93432,06079,San Luis Obispo County
93433,06079,San Luis Obispo County
93434,06083,Santa Barbara County
93436,06083,Santa Barbara County
93437,06083,Santa Barbara County
93440,06083,Santa Barbara County
93441,06083,Santa Barbara County
93442,06079,San Luis Obispo County
93444,06079,San Luis Obispo County
93445,06079,San Luis Obispo County
93446,06079,San Luis Obispo County
93449,06079,San Luis Obispo County
93450,06053,Monterey County
93451,06053,Monterey County
93452,06079,San Luis Obispo County
93453,06079,San Luis Obispo County
93454,06083,Santa Barbara County
93455,06083,Santa Barbara County
93458,06083,Santa Barbara County
93460,06083,Santa Barbara County
93461,06079,San Luis Obispo County
93463,06083,Santa Barbara County
93465,06079,San Luis Obispo County
93501,06029,Kern County
93505,06029,Kern County
93510,06037,Los Angeles County
93512,06051,Mono County
93513,06027,Inyo County
93514,06051,Mono County
93516,06029,Kern County
93517,06051,Mono County
93518,06029,Kern County
93519,06029,Kern County
93522,06027,Inyo County
93523,06029,Kern County
93524,06029,Kern County
93526,06027,Inyo County
93527,06107,Tulare County
93528,06029,Kern County
93529,06051,Mono County
93530,06027,Inyo County
93531,06029,Kern County
93532,06037,Los Angeles County
93534,06037,Los Angeles County
93535,06037,Los Angeles County
93536,06037,Los Angeles County
93541,06051,Mono County
93543,06037,Los Angeles County
93544,06037,Los Angeles County
93545,06027,Inyo County
93546,06051,Mono County
93549,06027,Inyo County
93550,06037,Los Angeles County
93551,06037,Los Angeles County
93552,06037,Los Angeles County
93553,06037,Los Angeles County
93554,06029,Kern County
93555,06029,Kern County
93558,06071,San Bernardino County
93560,06029,Kern County
93561,06029,Kern County
93562,06071,San Bernardino County
93563,06037,Los Angeles County
93581,06029,Kern County
93591,06037,Los Angeles County
93601,06039,Madera County
93602,06019,Fresno County
93603,06107,Tulare County
93604,06039,Madera County
93605,06019,Fresno County
93606,06019,Fresno County
93608,06019,Fresno County
93609,06019,Fresno County
93610,06039,Madera County
93611,06019,Fresno County
93612,06019,Fresno County
93614,06039,Madera County
93615,06107,Tulare County
93616,06019,Fresno County
93618,06107,Tulare County
93619,06019,Fresno County
93620,06047,Merced County
93621,06019,Fresno County
93622,06019,Fresno County
93623,06043,Mariposa County
93624,06019,Fresno County
93625,06019,Fresno County
93626,06039,Madera County
93627,06019,Fresno County
93628,06019,Fresno County
93630,06019,Fresno County
93631,06107,Tulare County
93633,06107,Tulare County
93634,06019,Fresno County
93635,06047,Merced County
93636,06039,Madera County
93637,06039,Madera County
93638,06039,Madera County
93640,06019,Fresno County
93641,06019,Fresno County
93643,06039,Madera County
93644,06039,Madera County
93645,06039,Madera County
93646,06107,Tulare County
93647,06107,Tulare County
93648,06019,Fresno County
93650,06019,Fresno County
93651,06019,Fresno County
93652,06019,Fresno County
93653,06039,Madera County
93654,06019,Fresno County
93656,06019,Fresno County
93657,06019,Fresno County
93660,06019,Fresno County
93662,06019,Fresno County
93664,06019,Fresno County
93665,06047,Merced County
93666,06107,Tulare County
93667,06019,Fresno County
93668,06019,Fresno County
93669,06039,Madera County
93670,06107,Tulare County
93673,06107,Tulare County
93675,06019,Fresno County
93701,06019,Fresno County
93702,06019,Fresno County
93703,06019,Fresno County
93704,06019,Fresno County
93705,06019,Fresno County
93706,06019,Fresno County
93710,06019,Fresno County
93711,06019,Fresno County
93720,06019,Fresno County
93721,06019,Fresno County
93722,06019,Fresno County
93723,06019,Fresno County
93725,06019,Fresno County
93726,06019,Fresno County
93727,06019,Fresno County
93728,06019,Fresno County
93730,06019,Fresno County
93737,06019,Fresno County
93740,06019,Fresno County
93741,06019,Fresno County
93901,06053,Monterey County
93905,06053,Monterey County
93906,06053,Monterey County
93907,06053,Monterey County
93908,06053,Monterey County
93920,06053,Monterey County
93921,06053,Monterey County
93923,06053,Monterey County
93924,06053,Monterey County
93925,06053,Monterey County
93926,06053,Monterey County
93927,06053,Monterey County
93928,06053,Monterey County
93930,06053,Monterey County
93932,06053,Monterey County
93933,06053,Monterey County
93940,06053,Monterey County
93943,06053,Monterey County
93944,06053,Monterey County
93950,06053,Monterey County
93953,06053,Monterey County
93954,06053,Monterey County
93955,06053,Monterey County
93960,06053,Monterey County
93962,06053,Monterey County
94002,06081,San Mateo County
94005,06081,San Mateo County
94010,06081,San Mateo County
94014,06081,San Mateo County
94015,06081,San Mateo County
94018,06081,San Mateo County
94019,06081,San Mateo County
94020,06081,San Mateo County
94021,06081,San Mateo County
94022,06085,Santa Clara County
94024,06085,Santa Clara County
94025,06081,San Mateo County
94027,06081,San Mateo County
94028,06081,San Mateo County
94030,06081,San Mateo County
94037,06081,San Mateo County
94038,06081,San Mateo County
94040,06085,Santa Clara County
94041,06085,Santa Clara County
94043,06085,Santa Clara County
94044,06081,San Mateo County
94060,06081,San Mateo County
94061,06081,San Mateo County
94062,06081,San Mateo County
94063,06081,San Mateo County
94065,06081,San Mateo County
94066,06081,San Mateo County
94070,06081,San Mateo County
94074,06081,San Mateo County
94080,06081,San Mateo County
94085,06085,Santa Clara County
94086,06085,Santa Clara County
94087,06085,Santa Clara County
94089,06085,Santa Clara County
94102,06075,San Francisco County
94103,06075,San Francisco County
94104,06075,San Francisco County
94105,06075,San Francisco County
94107,06075,San Francisco County
94108,06075,San Francisco County
94109,06075,San Francisco County
94110,06075,San Francisco County
94111,06075,San Francisco County
94112,06075,San Francisco County
94114,06075,San Francisco County
94115,06075,San Francisco County
94116,06075,San Francisco County
94117,06075,San Francisco County
94118,06075,San Francisco County
94121,06075,San Francisco County
94122,06075,San Francisco County
94123,06075,San Francisco County
94124,06075,San Francisco County
94127,06075,San Francisco County
94128,06081,San Mateo County
94129,06075,San Francisco County
94130,06075,San Francisco County
94131,06075,San Francisco County
94132,06075,San Francisco County
94133,06075,San Francisco County
94134,06075,San Francisco County
94158,06075,San Francisco County
94188,06075,San Francisco County
94301,06085,Santa Clara County
94303,06085,Santa Clara County
94304,06085,Santa Clara County
94305,06085,Santa Clara County
94306,06085,Santa Clara County
94401,06081,San Mateo County
94402,06081,San Mateo County
94403,06081,San Mateo County
94404,06081,San Mateo County
94501,06001,Alameda County
94502,06001,Alameda County
94503,06055,Napa County
94505,06013,Contra Costa County
94506,06013,Contra Costa County
94507,06013,Contra Costa County
94508,06055,Napa County
94509,06013,Contra Costa County
94510,06095,Solano County
94511,06013,Contra Costa County
94512,06095,Solano County
94513,06013,Contra Costa County
94514,06013,Contra Costa County
94515,06097,Sonoma County
94516,06013,Contra Costa County
94517,06013,Contra Costa County
94518,06013,Contra Costa County
94519,06013,Contra Costa County
94520,06013,Contra Costa County
94521,06013,Contra Costa County
94523,06013,Contra Costa County
94525,06013,Contra Costa County
94526,06013,Contra Costa County
94528,06013,Contra Costa County
94530,06013,Contra Costa County
94531,06013,Contra Costa County
94533,06095,Solano County
94534,06095,Solano County
94535,06095,Solano County
94536,06001,Alameda County
94538,06001,Alameda County
94539,06001,Alameda County
94541,06001,Alameda County
94542,06001,Alameda County
94544,06001,Alameda County
94545,06001,Alameda County
94546,06001,Alameda County
94547,06013,Contra Costa County
94548,06013,Contra Costa County
94549,06013,Contra Costa County
94550,06001,Alameda County
94551,06001,Alameda County
94552,06001,Alameda County
94553,06013,Contra Costa County
94555,06001,Alameda County
94556,06013,Contra Costa County
94558,06055,Napa County
94559,06055,Napa County
94560,06001,Alameda County
94561,06013,Contra Costa County
94562,06055,Napa County
94563,06013,Contra Costa County
94564,06013,Contra Costa County
94565,06013,Contra Costa County
94566,06001,Alameda County
94567,06055,Napa County
94568,06001,Alameda County
94569,06013,Contra Costa County
94571,06095,Solano County
94572,06013,Contra Costa County
94573,06055,Napa County
94574,06055,Napa County
94575,06013,Contra Costa County
94576,06055,Napa County
94577,06001,Alameda County
94578,06001,Alameda County
94579,06001,Alameda County
94580,06001,Alameda County
94582,06013,Contra Costa County
94583,06013,Contra Costa County
94585,06095,Solano County
94586,06001,Alameda County
94587,06001,Alameda County
94588,06001,Alameda County
94589,06095,Solano County
94590,06095,Solano County
94591,06095,Solano County
94592,06095,Solano County
94595,06013,Contra Costa County
94596,06013,Contra Costa County
94597,06013,Contra Costa County
94598,06013,Contra Costa County
94599,06055,Napa County
94601,06001,Alameda County
94602,06001,Alameda County
94603,06001,Alameda County
94605,06001,Alameda County
94606,06001,Alameda County
94607,06001,Alameda County
94608,06001,Alameda County
94609,06001,Alameda County
94610,06001,Alameda County
94611,06001,Alameda County
94612,06001,Alameda County
94613,06001,Alameda County
94618,06001,Alameda County
94619,06001,Alameda County
94621,06001,Alameda County
94702,06001,Alameda County
94703,06001,Alameda County
94704,06001,Alameda County
94705,06001,Alameda County
94706,06001,Alameda County
94707,06001,Alameda County
94708,06013,Contra Costa County
94709,06001,Alameda County
94710,06001,Alameda County
94720,06001,Alameda County
94801,06013,Contra Costa County
94803,06013,Contra Costa County
94804,06013,Contra Costa County
94805,06013,Contra Costa County
94806,06013,Contra Costa County
94901,06041,Marin County
94903,06041,Marin County
94904,06041,Marin County
94920,06041,Marin County
94922,06097,Sonoma County
94923,06097,Sonoma County
94924,06041,Marin County
94925,06041,Marin County
94928,06097,Sonoma County
94929,06041,Marin County
94930,06041,Marin County
94931,06097,Sonoma County
94933,06041,Marin County
94937,06041,Marin County
94938,06041,Marin County
94939,06041,Marin County
94940,06041,Marin County
94941,06041,Marin County
94945,06041,Marin County
94946,06041,Marin County
94947,06041,Marin County
94949,06041,Marin County
94950,06041,Marin County
94951,06097,Sonoma County
94952,06041,Marin County
94954,06097,Sonoma County
94956,06041,Marin County
94957,06041,Marin County
94960,06041,Marin County
94963,06041,Marin County
94964,06041,Marin County
94965,06041,Marin County
94970,06041,Marin County
94971,06041,Marin County
94972,06097,Sonoma County
94973,06041,Marin County
95002,06085,Santa Clara County
95003,06087,Santa Cruz County
95004,06053,Monterey County
95005,06087,Santa Cruz County
95006,06087,Santa Cruz County
95007,06087,Santa Cruz County
95008,06085,Santa Clara County
95010,06087,Santa Cruz County
95012,06053,Monterey County
95013,06085,Santa Clara County
95014,06085,Santa Clara County
95017,06087,Santa Cruz County
95018,06087,Santa Cruz County
95019,06087,Santa Cruz County
95020,06085,Santa Clara County
95023,06069,San Benito County
95030,06085,Santa Clara County
95032,06085,Santa Clara County
95033,06087,Santa Cruz County
95035,06085,Santa Clara County
95037,06085,Santa Clara County
95039,06053,Monterey County
95041,06087,Santa Cruz County
95043,06069,San Benito County
95045,06069,San Benito County
95046,06085,Santa Clara County
95050,06085,Santa Clara County
95051,06085,Santa Clara County
95053,06085,Santa Clara County
95054,06085,Santa Clara County
95060,06087,Santa Cruz County
95062,06087,Santa Cruz County
95064,06087,Santa Cruz County
95065,06087,Santa Cruz County
95066,06087,Santa Cruz County
95070,06085,Santa Clara County
95073,06087,Santa Cruz County
95075,06069,San Benito County
95076,06087,Santa Cruz County
95110,06085,Santa Clara County
95111,06085,Santa Clara County
95112,06085,Santa Clara County
95113,06085,Santa Clara County
95116,06085,Santa Clara County
95117,06085,Santa Clara County
95118,06085,Santa Clara County
95119,06085,Santa Clara County
95120,06085,Santa Clara County
95121,06085,Santa Clara County
95122,06085,Santa Clara County
95123,06085,Santa Clara County
95124,06085,Santa Clara County
95125,06085,Santa Clara County
95126,06085,Santa Clara County
95127,06085,Santa Clara County
95128,06085,Santa Clara County
95129,06085,Santa Clara County
95130,06085,Santa Clara County
95131,06085,Santa Clara County
95132,06085,Santa Clara County
95133,06085,Santa Clara County
95134,06085,Santa Clara County
95135,06085,Santa Clara County
95136,06085,Santa Clara County
95138,06085,Santa Clara County
95139,06085,Santa Clara County
95140,06085,Santa Clara County
95148,06085,Santa Clara County
95202,06077,San Joaquin County
95203,06077,San Joaquin County
95204,06077,San Joaquin County
95205,06077,San Joaquin County
95206,06077,San Joaquin County
95207,06077,San Joaquin County
95209,06077,San Joaquin County
95210,06077,San Joaquin County
95211,06077,San Joaquin County
95212,06077,San Joaquin County
95215,06077,San Joaquin County
95219,06077,San Joaquin County
95220,06077,San Joaquin County
95221,06009,Calaveras County
95222,06009,Calaveras County
95223,06003,Alpine County
95224,06009,Calaveras County
95225,06009,Calaveras County
95226,06009,Calaveras County
95227,06077,San Joaquin County
95228,06009,Calaveras County
95230,06099,Stanislaus County
95231,06077,San Joaquin County
95232,06009,Calaveras County
95233,06009,Calaveras County
95236,06077,San Joaquin County
95237,06077,San Joaquin County
95240,06077,San Joaquin County
95242,06077,San Joaquin County
95245,06009,Calaveras County
95246,06009,Calaveras County
95247,06009,Calaveras County
95248,06009,Calaveras County
95249,06009,Calaveras County
95251,06009,Calaveras County
95252,06009,Calaveras County
95253,06077,San Joaquin County
95254,06009,Calaveras County
95255,06009,Calaveras County
95257,06009,Calaveras County
95258,06077,San Joaquin County
95301,06047,Merced County
95303,06047,Merced County
95304,06077,San Joaquin County
95305,06109,Tuolumne County
95306,06043,Mariposa County
95307,06099,Stanislaus County
95309,06109,Tuolumne County
95310,06109,Tuolumne County
95311,06043,Mariposa County
95312,06047,Merced County
95313,06099,Stanislaus County
95315,06047,Merced County
95316,06099,Stanislaus County
95317,06047,Merced County
95318,06043,Mariposa County
95319,06099,Stanislaus County
95320,06077,San Joaquin County
95321,06109,Tuolumne County
95322,06047,Merced County
95323,06099,Stanislaus County
95324,06047,Merced County
95325,06043,Mariposa County
95326,06099,Stanislaus County
95327,06109,Tuolumne County
95328,06099,Stanislaus County
95329,06109,Tuolumne County
95330,06077,San Joaquin County
95333,06047,Merced County
95334,06047,Merced County
95335,06109,Tuolumne County
95336,06077,San Joaquin County
95337,06077,San Joaquin County
95338,06043,Mariposa County
95340,06047,Merced County
95341,06047,Merced County
95345,06043,Mariposa County
95346,06109,Tuolumne County
95348,06047,Merced County
95350,06099,Stanislaus County
95351,06099,Stanislaus County
95354,06099,Stanislaus County
95355,06099,Stanislaus County
95356,06099,Stanislaus County
95357,06099,Stanislaus County
95358,06099,Stanislaus County
95360,06099,Stanislaus County
95361,06099,Stanislaus County
95363,06099,Stanislaus County
95364,06109,Tuolumne County
95365,06047,Merced County
95366,06077,San Joaquin County
95367,06099,Stanislaus County
95368,06099,Stanislaus County
95369,06047,Merced County
95370,06109,Tuolumne County
95372,06109,Tuolumne County
95374,06047,Merced County
95375,06109,Tuolumne County
95376,06077,San Joaquin County
95377,06077,San Joaquin County
95379,06109,Tuolumne County
95380,06099,Stanislaus County
95382,06099,Stanislaus County
95383,06109,Tuolumne County
95385,06099,Stanislaus County
95386,06099,Stanislaus County
95387,06099,Stanislaus County
95388,06047,Merced County
95389,06043,Mariposa County
95391,06001,Alameda County
95401,06097,Sonoma County
95403,06097,Sonoma County
95404,06097,Sonoma County
95405,06097,Sonoma County
95407,06097,Sonoma County
95409,06097,Sonoma County
95410,06045,Mendocino County
95412,06097,Sonoma County
95415,06045,Mendocino County
95417,06045,Mendocino County
95419,06097,Sonoma County
95420,06045,Mendocino County
95421,06097,Sonoma County
95422,06033,Lake County
95423,06033,Lake County
95425,06097,Sonoma County
95426,06033,Lake County
95427,06045,Mendocino County
95428,06045,Mendocino County
95429,06045,Mendocino County
95430,06097,Sonoma County
95431,06097,Sonoma County
95432,06045,Mendocino County
95435,06033,Lake County
95436,06097,Sonoma County
95437,06045,Mendocino County
95439,06097,Sonoma County
95441,06097,Sonoma County
95442,06097,Sonoma County
95443,06033,Lake County
95444,06097,Sonoma County
95445,06045,Mendocino County
95446,06097,Sonoma County
95448,06097,Sonoma County
95449,06045,Mendocino County
95450,06097,Sonoma County
95451,06033,Lake County
95452,06097,Sonoma County
95453,06033,Lake County
95454,06045,Mendocino County
95456,06045,Mendocino County
95457,06033,Lake County
95458,06033,Lake County
95459,06045,Mendocino County
95460,06045,Mendocino County
95461,06033,Lake County
95462,06097,Sonoma County
95463,06045,Mendocino County
95464,06033,Lake County
95465,06097,Sonoma County
95466,06045,Mendocino County
95467,06033,Lake County
95468,06045,Mendocino County
95469,06045,Mendocino County
95470,06045,Mendocino County
95471,06097,Sonoma County
95472,06097,Sonoma County
95476,06097,Sonoma County
95480,06097,Sonoma County
95482,06045,Mendocino County
95485,06033,Lake County
95486,06097,Sonoma County
95488,06045,Mendocino County
95490,06045,Mendocino County
95492,06097,Sonoma County
95493,06033,Lake County
95494,06045,Mendocino County
95497,06097,Sonoma County
95501,06023,Humboldt County
95503,06023,Humboldt County
95511,06023,Humboldt County
95514,06023,Humboldt County
95519,06023,Humboldt County
95521,06023,Humboldt County
95524,06023,Humboldt County
95525,06023,Humboldt County
95526,06023,Humboldt County
95527,06105,Trinity County
95528,06023,Humboldt County
95531,06015,Del Norte County
95536,06023,Humboldt County
95537,06023,Humboldt County
95538,06015,Del Norte County
95540,06023,Humboldt County
95542,06023,Humboldt County
95543,06015,Del Norte County
95545,06023,Humboldt County
95546,06023,Humboldt County
95547,06023,Humboldt County
95548,06015,Del Norte County
95549,06023,Humboldt County
95550,06023,Humboldt County
95551,06023,Humboldt County
95552,06105,Trinity County
95553,06023,Humboldt County
95554,06023,Humboldt County
95555,06023,Humboldt County
95556,06023,Humboldt County
95558,06023,Humboldt County
95559,06023,Humboldt County
95560,06023,Humboldt County
95562,06023,Humboldt County
95563,06105,Trinity County
95564,06023,Humboldt County
95565,06023,Humboldt County
95567,06015,Del Norte County
95568,06093,Siskiyou County
95569,06023,Humboldt County
95570,06023,Humboldt County
95571,06023,Humboldt County
95573,06023,Humboldt County
95585,06045,Mendocino County
95587,06045,Mendocino County
95589,06023,Humboldt County
95595,06105,Trinity County
95601,06005,Amador County
95602,06061,Placer County
95603,06061,Placer County
95604,06061,Placer County
95605,06113,Yolo County
95606,06113,Yolo County
95607,06113,Yolo County
95608,06067,Sacramento County
95610,06067,Sacramento County
95612,06113,Yolo County
95613,06017,El Dorado County
95614,06017,El Dorado County
95615,06067,Sacramento County
95616,06113,Yolo County
95618,06113,Yolo County
95619,06017,El Dorado County
95620,06095,Solano County
95621,06067,Sacramento County
95623,06017,El Dorado County
95624,06067,Sacramento County
95625,06095,Solano County
95626,06067,Sacramento County
95627,06113,Yolo County
95628,06067,Sacramento County
95629,06005,Amador County
95630,06067,Sacramento County
95631,06061,Placer County
95632,06067,Sacramento County
95633,06017,El Dorado County
95634,06017,El Dorado County
95635,06017,El Dorado County
95636,06017,El Dorado County
95637,06113,Yolo County
95638,06067,Sacramento County
95639,06067,Sacramento County
95640,06005,Amador County
95641,06067,Sacramento County
95642,06005,Amador County
95645,06113,Yolo County
95646,06003,Alpine County
95648,06061,Placer County
95650,06061,Placer County
95651,06017,El Dorado County
95652,06067,Sacramento County
95653,06113,Yolo County
95655,06067,Sacramento County
95658,06061,Placer County
95659,06101,Sutter County
95660,06067,Sacramento County
95661,06061,Placer County
95662,06067,Sacramento County
95663,06061,Placer County
95664,06017,El Dorado County
95665,06005,Amador County
95666,06005,Amador County
95667,06017,El Dorado County
95668,06101,Sutter County
95669,06005,Amador County
95670,06067,Sacramento County
95671,06067,Sacramento County
95672,06017,El Dorado County
95673,06067,Sacramento County
95674,06101,Sutter County
95675,06005,Amador County
95676,06101,Sutter County
95677,06061,Placer County
95678,06061,Placer County
95679,06113,Yolo County
95680,06067,Sacramento County
95681,06061,Placer County
95682,06017,El Dorado County
95683,06067,Sacramento County
95684,06017,El Dorado County
95685,06005,Amador County
95686,06077,San Joaquin County
95687,06095,Solano County
95688,06095,Solano County
95689,06005,Amador County
95690,06067,Sacramento County
95691,06113,Yolo County
95692,06115,Yuba County
95693,06067,Sacramento County
95694,06113,Yolo County
95695,06113,Yolo County
95697,06113,Yolo County
95698,06113,Yolo County
95699,06005,Amador County
95701,06061,Placer County
95703,06061,Placer County
95709,06017,El Dorado County
95713,06061,Placer County
95714,06061,Placer County
95715,06061,Placer County
95717,06061,Placer County
95720,06017,El Dorado County
95721,06017,El Dorado County
95722,06061,Placer County
95726,06017,El Dorado County
95728,06061,Placer County
95735,06017,El Dorado County
95736,06061,Placer County
95742,06067,Sacramento County
95746,06061,Placer County
95747,06061,Placer County
95757,06067,Sacramento County
95758,06067,Sacramento County
95762,06017,El Dorado County
95765,06061,Placer County
95776,06113,Yolo County
95811,06067,Sacramento County
95814,06067,Sacramento County
95815,06067,Sacramento County
95816,06067,Sacramento County
95817,06067,Sacramento County
95818,06067,Sacramento County
95819,06067,Sacramento County
95820,06067,Sacramento County
95821,06067,Sacramento County
95822,06067,Sacramento County
95823,06067,Sacramento County
95824,06067,Sacramento County
95825,06067,Sacramento County
95826,06067,Sacramento County
95827,06067,Sacramento County
95828,06067,Sacramento County
95829,06067,Sacramento County
95830,06067,Sacramento County
95831,06067,Sacramento County
95832,06067,Sacramento County
95833,06067,Sacramento County
95834,06067,Sacramento County
95835,06067,Sacramento County
95837,06067,Sacramento County
95838,06067,Sacramento County
95841,06067,Sacramento County
95842,06067,Sacramento County
95843,06067,Sacramento County
95864,06067,Sacramento County
95901,06115,Yuba County
95903,06115,Yuba County
95910,06091,Sierra County
95912,06011,Colusa County
95913,06021,Glenn County
95914,06007,Butte County
95915,06063,Plumas County
95916,06007,Butte County
95917,06007,Butte County
95918,06115,Yuba County
95919,06115,Yuba County
95920,06021,Glenn County
95922,06115,Yuba County
95923,06063,Plumas County
95925,06115,Yuba County
95926,06007,Butte County
95928,06007,Butte County
95929,06007,Butte County
95930,06007,Butte County
95932,06011,Colusa County
95934,06063,Plumas County
95935,06115,Yuba County
95936,06091,Sierra County
95937,06113,Yolo County
95938,06007,Butte County
95939,06021,Glenn County
95941,06007,Butte County
95942,06007,Butte County
95943,06021,Glenn County
95944,06091,Sierra County
95945,06057,Nevada County
95946,06057,Nevada County
95947,06063,Plumas County
95948,06007,Butte County
95949,06057,Nevada County
95950,06011,Colusa County
95951,06021,Glenn County
95953,06101,Sutter County
95954,06007,Butte County
95955,06011,Colusa County
95956,06063,Plumas County
95957,06101,Sutter County
95958,06007,Butte County
95959,06057,Nevada County
95960,06091,Sierra County
95961,06115,Yuba County
95962,06115,Yuba County
95963,06021,Glenn County
95965,06007,Butte County
95966,06007,Butte County
95968,06007,Butte County
95969,06007,Butte County
95970,06011,Colusa County
95971,06063,Plumas County
95972,06115,Yuba County
95973,06007,Butte County
95974,06007,Butte County
95975,06057,Nevada County
95977,06115,Yuba County
95978,06007,Butte County
95979,06011,Colusa County
95981,06063,Plumas County
95982,06101,Sutter County
95983,06063,Plumas County
95984,06063,Plumas County
95986,06057,Nevada County
95987,06011,Colusa County
95988,06021,Glenn County
95991,06101,Sutter County
95993,06101,Sutter County
96001,06089,Shasta County
96002,06089,Shasta County
96003,06089,Shasta County
96006,06035,Lassen County
96007,06089,Shasta County
96008,06089,Shasta County
96009,06035,Lassen County
96010,06105,Trinity County
96011,06089,Shasta County
96013,06089,Shasta County
96014,06093,Siskiyou County
96015,06049,Modoc County
96016,06089,Shasta County
96017,06089,Shasta County
96019,06089,Shasta County
96020,06063,Plumas County
96021,06103,Tehama County
96022,06103,Tehama County
96023,06093,Siskiyou County
96024,06105,Trinity County
96025,06093,Siskiyou County
96027,06093,Siskiyou County
96028,06089,Shasta County
96029,06103,Tehama County
96031,06093,Siskiyou County
96032,06093,Siskiyou County
96033,06089,Shasta County
96034,06093,Siskiyou County
96035,06103,Tehama County
96037,06093,Siskiyou County
96038,06093,Siskiyou County
96039,06093,Siskiyou County
96040,06089,Shasta County
96041,06105,Trinity County
96044,06093,Siskiyou County
96046,06105,Trinity County
96047,06089,Shasta County
96048,06105,Trinity County
96050,06093,Siskiyou County
96051,06089,Shasta County
96052,06105,Trinity County
96054,06049,Modoc County
96055,06103,Tehama County
96056,06035,Lassen County
96057,06093,Siskiyou County
96058,06093,Siskiyou County
96059,06103,Tehama County
96061,06103,Tehama County
96062,06089,Shasta County
96063,06103,Tehama County
96064,06093,Siskiyou County
96065,06089,Shasta County
96067,06093,Siskiyou County
96068,06035,Lassen County
96069,06089,Shasta County
96071,06089,Shasta County
96073,06089,Shasta County
96074,06103,Tehama County
96075,06103,Tehama County
96076,06105,Trinity County
96078,06103,Tehama County
96080,06103,Tehama County
96084,06089,Shasta County
96085,06093,Siskiyou County
96086,06093,Siskiyou County
96087,06089,Shasta County
96088,06089,Shasta County
96090,06103,Tehama County
96091,06105,Trinity County
96092,06103,Tehama County
96093,06105,Trinity County
96094,06093,Siskiyou County
96096,06089,Shasta County
96097,06093,Siskiyou County
96101,06049,Modoc County
96103,06063,Plumas County
96104,06049,Modoc County
96105,06063,Plumas County
96106,06063,Plumas County
96107,06051,Mono County
96108,06049,Modoc County
96109,06035,Lassen County
96110,06049,Modoc County
96111,06057,Nevada County
96112,06049,Modoc County
96113,06035,Lassen County
96114,06035,Lassen County
96115,06049,Modoc County
96116,06049,Modoc County
96117,06035,Lassen County
96118,06091,Sierra County
96119,06035,Lassen County
96120,06003,Alpine County
96121,06035,Lassen County
96122,06063,Plumas County
96123,06035,Lassen County
96124,06091,Sierra County
96125,06091,Sierra County
96126,06091,Sierra County
96128,06035,Lassen County
96129,06063,Plumas County
96130,06035,Lassen County
96132,06035,Lassen County
96133,06051,Mono County
96134,06049,Modoc County
96135,06063,Plumas County
96136,06035,Lassen County
96137,06035,Lassen County
96140,06061,Placer County
96141,06061,Placer County
96142,06017,El Dorado County
96143,06061,Placer County
96145,06061,Placer County
96146,06061,Placer County
96148,06061,Placer County
96150,06017,El Dorado County
96155,06017,El Dorado County
96161,06057,Nevada County
